elo_prob1,score1,score2
0.640450829,37,0
0.420289571,34,27
0.836272126,24,44
0.530339535,23,17
0.206608258,30,7
0.291730121,23,37
0.249224224,13,21
0.413173365,10,20
0.264978233,6,28
0.885173786,23,20
0.665706569,44,7
0.440754922,23,10
0.598157674,7,33
0.522554335,24,0
0.473939665,24,30
0.340625495,13,17
0.608651487,34,14
0.470783295,14,24
0.482291895,51,45
0.64547892,14,33
0.604000412,20,3
0.688309402,45,14
0.487102629,34,3
0.674918966,14,17
0.630687384,31,28
0.624965596,30,17
0.474397518,31,17
0.660841705,14,9
0.60049656,20,27
0.555662147,24,17
0.363973738,13,7
0.583896778,10,15
0.681785352,38,24
0.777203945,38,13
0.625288004,15,9
0.503639459,34,24
0.454256455,31,6
0.58176796,17,14
0.790556108,19,14
0.499586974,31,18
0.293745503,13,17
0.601609107,9,10
0.297818602,21,14
0.608863996,31,14
0.583664592,14,16
0.719411496,7,20
0.767863257,34,7
0.553217639,11,19
0.670902588,38,14
0.675569067,16,14
0.70158276,20,27
0.566819,41,7
0.430520082,27,30
0.585522428,28,14
0.25834031,32,35
0.441918752,15,10
0.746998877,38,13
0.683284624,10,14
0.33483297,22,25
0.48939387,23,31
0.421431663,13,38
0.56767109,10,29
0.655026169,13,27
0.744011854,38,30
0.579954452,31,10
0.760547723,24,23
0.861221452,24,10
0.40259111,13,27
0.337521678,27,20
0.781440017,24,17
0.584265961,7,20
0.722057812,24,27
0.429904851,3,28
0.388470154,30,16
0.45332046,20,17
0.663938967,41,10
0.773120729,16,14
0.436043947,20,3
0.730589995,20,26
0.405471414,23,20
0.799785316,12,17
0.509514284,17,3
0.661498105,14,17
0.326380726,14,38
0.352602832,24,31
0.792565812,16,14
0.303883407,31,28
0.894293308,28,26
0.499339446,14,41
0.277501091,35,27
0.760292884,19,9
0.554156504,26,36
0.677418452,21,24
0.387664995,30,20
0.372026468,16,13
0.40744065,24,27
0.366473345,10,20
0.533823608,6,23
0.653155878,27,34
0.478491307,44,6
0.737869721,31,17
0.673082434,10,34
0.70382798,29,20
0.403110405,6,31
0.835056292,28,20
0.282889151,20,17
0.729720073,20,23
0.591056117,24,21
0.546094581,31,17
0.372914494,24,27
0.746689782,20,23
0.663493132,35,31
0.332646748,20,24
0.618095062,17,9
0.825292052,28,10
0.586564215,23,20
0.461971556,3,30
0.69144129,39,32
0.851389851,17,30
0.464565154,22,10
0.59482274,23,20
0.673826797,14,17
0.598450973,28,24
0.41732611,22,23
0.717896098,18,17
0.697243015,14,59
0.477320718,20,23
0.833153365,37,34
0.589308784,37,19
0.612769454,42,20
0.568387215,35,41
0.720461895,17,35
0.651603696,35,38
0.554493549,33,3
0.458873972,20,10
0.46668211,33,25
0.475108063,16,24
0.706447925,28,18
0.713077676,13,10
0.588369441,14,22
0.380087124,37,25
0.532230295,20,10
0.713122429,0,9
0.724887368,30,17
0.704902011,26,10
0.487121325,26,24
0.766737797,45,7
0.421487808,19,22
0.392559913,7,41
0.661251867,27,24
0.737044968,27,21
0.320614808,34,14
0.229887017,20,23
0.571721076,23,20
0.540791535,23,29
0.330304699,3,34
0.391521292,21,27
0.56057417,26,21
0.676605301,18,36
0.806764549,23,17
0.544655901,27,13
0.678263192,23,20
0.610006722,14,12
0.466385547,49,29
0.683100226,31,16
0.46914289,29,17
0.776020531,20,33
0.388569987,20,26
0.616686322,26,39
0.548777187,31,24
0.394721206,28,59
0.59226468,0,16
0.262289527,17,34
0.72716254,35,3
0.43708892,3,31
0.588623156,31,28
0.591236985,24,20
0.284492907,13,37
0.548234044,0,21
0.779897479,35,19
0.605725683,31,13
0.801414624,34,19
0.773129816,16,19
0.658217706,27,17
0.684085089,31,49
0.803634178,30,27
0.779368369,35,14
0.191744769,24,45
0.865789949,26,10
0.409063548,27,30
0.563570979,24,42
0.491548879,20,0
0.660657183,24,20
0.522539973,13,17
0.330020804,16,19
0.725115758,24,23
0.658022132,33,36
0.728324753,17,10
0.555348022,20,17
0.512179704,31,26
0.544597367,17,33
0.652324708,14,36
0.579557545,6,27
0.727906532,34,24
0.669155178,10,13
0.816849866,13,28
0.656051753,31,14
0.704632518,35,38
0.586567007,6,19
0.243317646,20,24
0.755889775,31,7
0.62879889,6,17
0.812013821,34,16
0.733275831,10,6
0.248677458,30,34
0.71869748,38,14
0.401914278,24,28
0.621694841,10,13
0.582951018,45,3
0.466822519,28,30
0.538285976,43,13
0.686709089,31,0
0.449317752,13,6
0.171871947,7,3
0.452839748,27,30
0.859891036,31,13
0.453364684,7,36
0.63499287,38,31
0.469098447,16,17
0.749564233,6,10
0.616022065,40,21
0.19471417,10,31
0.856388752,23,7
0.565403631,21,3
0.409726073,28,34
0.754290846,34,7
0.653270628,34,24
0.745328552,14,17
0.46516087,19,17
0.633183111,17,22
0.746567817,39,23
0.24596316,18,34
0.780615015,20,23
0.539913674,31,38
0.717171569,31,27
0.72832817,33,30
0.53648283,19,12
0.472996829,13,27
0.546046067,30,24
0.58359325,31,17
0.501914015,14,40
0.86928454,27,3
0.362430657,27,26
0.742569673,17,20
0.48342746,25,17
0.621686718,34,14
0.651544887,45,17
0.323341799,10,20
0.703189204,38,15
0.43854403,26,31
0.42538488,24,23
0.539095638,38,34
0.213833999,3,34
0.28982478,34,20
0.768632955,27,34
0.633263328,14,17
0.811775575,14,24
0.280762836,28,33
0.899632078,31,10
0.678229274,10,31
0.630411136,10,3
0.681910228,38,7
0.816288557,38,7
0.339837268,9,41
0.868896825,38,7
0.72523163,13,14
0.846812819,13,7
0.40595997,14,17
0.795684656,13,23
0.444801239,20,13
0.523285305,34,17
0.76479459,23,20
0.559872142,16,6
0.568615976,16,17
0.281387484,41,36
0.517206466,16,21
0.337412279,7,30
0.52836327,31,24
0.584391797,21,48
0.7957015,35,24
0.735238093,21,28
0.583670187,24,19
0.440205876,14,21
0.428914728,25,31
0.720420157,42,34
0.585135403,17,27
0.465080671,34,7
0.400307439,13,31
0.688345216,20,27
0.712512018,27,24
0.600024172,35,7
0.6761832,24,17
0.596030551,16,14
0.642054507,7,41
0.446965911,28,14
0.624917023,33,17
0.594831064,28,21
0.556007491,30,12
0.361178571,24,38
0.42198056,20,23
0.670039015,22,21
0.445045763,24,22
0.550185107,38,35
0.568699283,24,27
0.568404161,20,24
0.514880378,13,23
0.663419869,48,3
0.739266859,19,27
0.717780669,35,21
0.750854396,32,3
0.206452606,23,30
0.565996209,35,31
0.346994108,26,13
0.784823632,24,0
0.549418544,30,13
0.736845217,28,16
0.414287591,17,27
0.523358541,23,26
0.448050431,16,10
0.614544997,17,16
0.77098622,20,17
0.421689944,34,24
0.734676307,17,14
0.598027604,13,10
0.64780967,16,29
0.588373624,8,13
0.642728931,40,33
0.510427759,16,13
0.346071203,34,31
0.289874545,7,37
0.454394885,20,23
0.656437433,18,16
0.417922533,19,31
0.529866348,22,17
0.387103524,10,23
0.901286231,49,23
0.521281729,13,31
0.638987435,23,24
0.48616931,23,20
0.599441028,30,34
0.448329469,10,17
0.77322976,34,29
0.750013489,26,16
0.36304409,27,31
0.624778035,34,17
0.397909482,28,30
0.47785643,17,10
0.648418824,24,17
0.638650076,20,25
0.577178173,31,24
0.654923401,38,17
0.781796693,25,36
0.392026075,14,25
0.651462547,34,10
0.666107418,24,28
0.722601615,30,21
0.546151656,20,30
0.279504485,27,30
0.537275762,48,3
0.325674919,24,29
0.587977626,24,13
0.644214631,27,17
0.825146755,17,13
0.430939295,26,20
0.626972423,19,25
0.796474296,31,17
0.807122362,20,16
0.928401208,24,3
0.595252748,27,24
0.693122525,39,10
0.741795329,29,14
0.569263972,13,20
0.734412532,24,17
0.770441993,24,6
0.258363472,20,32
0.784433554,34,7
0.590681781,27,21
0.788732675,62,7
0.602468336,7,41
0.458013609,33,20
0.523797931,24,18
0.204907426,27,33
0.732040071,0,28
0.537895378,6,3
0.563544078,16,23
0.649567547,15,18
0.245363649,12,7
0.772430355,20,17
0.668911721,27,10
0.877065935,30,27
0.222230399,31,21
0.55332577,21,24
0.506256948,12,34
0.605936003,34,7
0.757461552,20,10
0.700078915,23,0
0.487561412,25,17
0.410673105,10,45
0.754486033,24,14
0.491176259,23,20
0.673035566,27,16
0.61445636,20,23
0.772965196,30,12
0.337717353,7,31
0.366204754,11,19
0.756156285,20,24
0.331118877,38,45
0.695420832,23,13
0.502803368,11,27
0.747477263,3,31
0.532122808,17,24
0.763992172,24,38
0.55958417,19,13
0.573520058,24,30
0.705854271,17,24
0.461882848,3,30
0.593758193,44,7
0.648429323,20,9
0.653214559,37,13
0.659782943,10,17
0.614336347,23,26
0.619019998,27,20
0.557344298,16,37
0.54097594,3,17
0.256369868,22,17
0.492450973,17,24
0.787863276,17,21
0.66321932,12,13
0.472583591,9,37
0.897747443,45,7
0.371619072,17,13
0.8872052,35,26
0.701538166,23,17
0.830637734,23,7
0.378444617,24,27
0.503250917,7,24
0.796251185,49,35
0.566950443,35,8
0.524794318,14,10
0.723683799,31,20
0.521541731,21,27
0.666198312,10,17
0.698547717,31,24
0.866066628,34,3
0.277835916,15,27
0.616840074,16,6
0.670420706,20,19
0.634783372,23,17
0.703341766,17,23
0.423507531,25,20
0.606988388,19,27
0.275111484,9,13
0.522407842,20,23
0.363484813,20,38
0.647397168,13,16
0.807527094,24,14
0.744558557,28,24
0.339133782,13,20
0.736243141,23,20
0.696223741,49,24
0.476281042,31,14
0.498916348,17,23
0.348402838,19,34
0.383149042,19,13
0.931980005,31,24
0.748355278,35,7
0.620607078,17,10
0.875970628,26,0
0.236830864,35,38
0.696345475,19,38
0.814857311,3,10
0.727293858,31,17
0.495282719,32,35
0.264900881,10,24
0.530558903,34,14
0.510609007,14,38
0.879356854,14,3
0.621755763,34,37
0.737204476,34,28
0.633988955,10,26
0.431230121,17,22
0.177154033,27,34
0.418139601,19,20
0.91238368,24,10
0.342711425,21,19
0.707536654,37,10
0.772053716,37,10
0.34351713,23,31
0.882691032,46,16
0.568121703,41,14
0.483865921,13,10
0.768854002,30,13
0.813773653,41,14
0.406101575,15,31
0.694431094,14,38
0.662036688,20,17
0.157809406,19,14
0.462270605,45,19
0.393725917,34,14
0.323930249,27,13
0.302282068,13,20
0.233396071,20,42
0.858637323,13,28
0.289615109,23,41
0.557548795,27,28
0.76802739,10,23
0.492856716,23,30
0.462731394,20,3
0.272757523,19,16
0.856491378,27,24
0.691422868,23,16
0.573196186,13,16
0.717504222,14,29
0.919045754,27,0
0.444843887,40,14
0.664385793,26,33
0.53199382,38,10
0.683369328,23,17
0.448142965,17,19
0.723145914,48,16
0.858871928,20,14
0.557536015,7,20
0.862371222,35,21
0.660759128,45,16
0.812756955,34,10
0.490756174,23,20
0.167806674,27,34
0.827435437,45,41
0.586915958,3,7
0.541862069,26,38
0.834910351,45,17
0.61033671,19,13
0.535696871,19,17
0.454484796,16,24
0.866351489,45,24
0.705568542,22,23
0.454292132,13,17
0.902939272,49,21
0.227634412,9,13
0.620428151,31,14
0.774665892,45,28
0.648828156,31,10
0.278100487,29,23
0.504784914,24,2
0.486498621,36,32
0.884154148,45,10
0.817652,20,37
0.689688444,20,13
0.631332075,17,20
0.70773316,23,20
0.334572758,21,17
0.74955991,17,24
0.571598445,26,23
0.424223057,31,19
0.653893623,30,10
0.361298116,13,34
0.717643049,41,21
0.79563786,27,23
0.685686468,48,28
0.827876373,32,40
0.498906274,24,40
0.6625105,22,30
0.463963813,16,10
0.380221411,16,17
0.551999394,20,16
0.505100049,14,22
0.729763214,44,13
0.708227058,23,10
0.541364725,27,7
0.514007564,24,23
0.62647146,27,10
0.622064375,35,13
0.394051626,7,27
0.55246058,35,17
0.70888324,27,19
0.709028149,38,10
0.534648652,23,20
0.794661768,41,34
0.428278924,31,28
0.820216103,18,20
0.688751357,34,27
0.402072034,35,27
0.693482387,27,21
0.44582074,7,36
0.447875337,25,31
0.768681065,23,6
0.59719012,17,22
0.391846357,34,31
0.758359329,24,27
0.51439006,14,24
0.586769409,3,27
0.490586418,27,6
0.529715778,31,30
0.5273418,31,38
0.712961063,16,10
0.301099654,24,13
0.503004837,44,41
0.581492011,20,23
0.428191537,14,12
0.861146442,23,16
0.760711226,38,14
0.459281372,20,37
0.463422696,10,27
0.341771934,28,52
0.495232354,0,34
0.798388881,30,28
0.540461294,22,24
0.616219482,37,6
0.351653356,19,13
0.657752644,24,21
0.691339345,28,27
0.65555799,13,20
0.491602111,19,17
0.567029587,18,34
0.359848803,17,3
0.324264414,17,24
0.803212336,31,21
0.800213597,45,3
0.541441905,31,24
0.522400661,12,16
0.373624185,3,41
0.599688415,16,14
0.85034165,41,27
0.275457162,30,27
0.310227787,6,9
0.635302352,30,7
0.678187816,13,17
0.410228752,17,23
0.401596061,26,23
0.686023823,35,9
0.833573845,23,20
0.703865177,17,14
0.535934539,38,10
0.683872319,23,26
0.366980019,34,24
0.791639665,31,29
0.470820585,38,26
0.63922377,3,26
0.680506374,16,19
0.647161918,24,42
0.353406132,24,23
0.677173109,24,35
0.695384252,13,6
0.281294373,20,30
0.661472325,26,23
0.585251382,21,14
0.586506979,17,13
0.821954744,27,23
0.385982846,28,35
0.501285127,17,24
0.54374492,14,19
0.529222442,43,13
0.80234743,29,26
0.606651897,34,35
0.700285558,13,7
0.729575861,17,36
0.749284256,27,12
0.882202569,24,15
0.528832321,34,14
0.396655157,7,6
0.803327865,23,22
0.56862586,9,30
0.672993761,13,19
0.837280068,45,7
0.42032183,17,30
0.556739214,28,24
0.525842179,16,26
0.349836482,24,29
0.389600316,3,24
0.772108416,31,13
0.825701691,31,17
0.425648023,23,20
0.799423736,21,9
0.627251067,13,21
0.618165719,32,42
0.391492494,14,31
0.288272751,15,25
0.365364775,20,51
0.654296073,30,20
0.470198181,23,31
0.817207854,19,13
0.703292518,20,24
0.641130559,28,13
0.440168995,10,27
0.427630675,31,27
0.522699388,34,24
0.61772811,23,38
0.400563119,14,36
0.66998556,28,7
0.857474883,37,31
0.743825427,3,37
0.861567844,24,24
0.564522197,6,13
0.315294461,31,13
0.469657597,34,24
0.816448204,55,20
0.867405722,16,13
0.547824829,19,14
0.915684777,43,37
0.721286593,30,23
0.478748438,21,27
0.388159774,6,28
0.360285187,20,24
0.529776007,31,6
0.834985714,23,19
0.563185829,10,13
0.535071128,13,27
0.363210499,17,38
0.753199933,23,20
0.842632298,59,24
0.637102323,32,7
0.688842667,31,38
0.342174792,31,34
0.267966704,19,49
0.493105634,38,10
0.362167324,13,16
0.480619071,24,21
0.218496084,9,17
0.279990468,20,14
0.731315652,28,10
0.371264262,24,19
0.381113053,23,24
0.522573005,21,31
0.598067733,20,13
0.741779893,34,10
0.682898319,17,31
0.626297675,22,30
0.711089055,23,13
0.519632391,13,20
0.727702403,34,18
0.663906856,7,6
0.813637525,23,14
0.681398072,17,23
0.236716435,16,13
0.712451878,20,23
0.706505223,38,33
0.252797736,16,23
0.56573035,17,20
0.434461997,27,21
0.277909841,10,24
0.73253887,31,23
0.594640983,33,35
0.352682993,17,16
0.240631542,13,26
0.364192313,31,28
0.780922437,58,0
0.757585263,24,34
0.62502361,12,15
0.401259947,10,17
0.674151865,19,20
0.80643319,27,20
0.814094471,27,13
0.42466884,21,14
0.73770936,21,23
0.227037835,30,20
0.695777963,30,7
0.672750481,27,23
0.680142062,52,27
0.652936758,42,14
0.392326584,13,34
0.564704743,17,34
0.714461896,34,41
0.677392035,41,0
0.420930666,13,21
0.773134865,24,3
0.522201021,27,24
0.476694591,38,10
0.503845241,21,38
0.568737405,22,36
0.638895803,15,0
0.410145191,17,50
0.791225377,29,17
0.579293818,34,0
0.663029001,7,31
0.520350799,14,10
0.260147717,18,31
0.552331058,10,13
0.107508784,16,23
0.326290876,13,20
0.448581485,42,13
0.547200188,33,14
0.443233795,13,28
0.516842791,31,34
0.850935525,55,7
0.740166818,17,6
0.872769289,34,12
0.80289915,6,23
0.667907626,24,10
0.598486939,17,27
0.382314031,20,27
0.645953,13,28
0.649195319,28,18
0.744516951,24,21
0.697277038,38,44
0.846390439,42,7
0.543710646,28,9
0.867935801,17,22
0.420393362,28,16
0.4058045,24,26
0.856873737,28,0
0.762663113,38,20
0.402438825,37,34
0.800069993,20,13
0.933635995,38,3
0.544454597,23,17
0.746978206,24,10
0.871638726,27,13
0.58660051,19,13
0.720464214,24,10
0.676365936,24,9
0.475777073,14,24
0.686421698,35,38
0.566327066,45,31
0.751150419,41,28
0.569707127,30,28
0.73714425,13,28
0.549496921,24,28
0.465660717,34,31
0.565389486,49,27
0.561706829,24,21
0.651747431,27,24
0.512529196,23,17
0.676990611,9,16
0.476516531,7,12
0.448098833,34,24
0.731264749,21,17
0.620266818,34,28
0.538935439,18,17
0.58488385,2,28
0.508724473,10,23
0.327139271,21,23
0.478278716,36,31
0.745153687,27,33
0.488208634,28,31
0.824433007,13,10
0.720650827,38,20
0.528473724,30,33
0.501205977,24,23
0.702442558,19,9
0.71830861,31,24
0.709010334,30,24
0.60637851,20,24
0.523291049,25,21
0.465351348,14,16
0.826319685,14,6
0.642279378,31,30
0.468641149,23,41
0.562838846,29,3
0.432220131,17,16
0.660418393,20,10
0.613514977,16,26
0.641183536,31,7
0.734700992,7,27
0.761083013,31,7
0.63355873,20,27
0.516780979,27,23
0.815243459,23,3
0.4889235,23,40
0.577013799,27,20
0.736731348,27,31
0.525107264,34,30
0.620360367,30,9
0.915827331,45,17
0.571589987,20,17
0.555451787,38,0
0.86393848,37,21
0.419908128,11,35
0.443194019,40,32
0.464399059,23,30
0.525707261,14,24
0.511621644,31,7
0.369177205,17,6
0.634680606,10,13
0.535974626,30,21
0.458506643,27,34
0.643781752,38,13
0.471369924,20,23
0.881095574,52,20
0.31091432,23,20
0.250134404,3,37
0.63695591,38,17
0.591453994,37,24
0.449719445,34,28
0.466972964,23,26
0.640604579,34,3
0.695609787,21,36
0.454733138,22,6
0.411905236,27,17
0.712586299,22,9
0.526957254,18,26
0.343411987,48,51
0.764179987,34,20
0.400067012,13,6
0.655897163,17,26
0.742047736,28,30
0.734422637,27,21
0.597955644,20,31
0.724467006,13,38
0.711689453,24,7
0.943116928,35,19
0.592068659,10,35
0.787368333,20,13
0.619028144,17,19
0.774863784,32,20
0.571883162,17,31
0.616608757,31,16
0.616619644,6,19
0.6307142,30,27
0.395644415,24,27
0.432141023,19,9
0.317334832,22,34
0.26756716,6,24
0.384980584,19,16
0.713197792,21,23
0.805254237,31,13
0.405594923,39,33
0.670947071,30,15
0.378525864,17,31
0.508364799,3,17
0.469849733,45,41
0.504841034,24,27
0.260104509,30,27
0.760192156,31,23
0.638365738,17,16
0.52374624,23,7
0.355437125,13,31
0.539272993,31,30
0.78034774,49,9
0.709107712,23,17
0.802317303,35,17
0.578232845,7,15
0.769225151,27,17
0.460711275,21,18
0.817337662,45,21
0.907217917,42,10
0.315612686,31,44
0.445411178,27,13
0.308334005,9,14
0.418118593,22,20
0.896909505,27,24
0.51281971,30,24
0.80536976,55,31
0.4444743,13,23
0.74218985,27,23
0.312554509,26,20
0.589393766,21,28
0.677834682,34,10
0.600035224,20,49
0.438040926,24,27
0.345729969,24,18
0.747187041,20,27
0.489760685,34,27
0.662520797,23,10
0.794743475,13,27
0.849934618,27,29
0.657040862,19,21
0.553973029,20,17
0.341423665,20,28
0.719934095,24,20
0.600576654,27,24
0.666150947,9,10
0.329171133,10,33
0.664874653,49,17
0.793643571,8,38
0.40219936,22,19
0.482776285,27,30
0.459152713,27,13
0.762230426,41,20
0.635718375,24,16
0.463942339,41,28
0.588193766,20,16
0.519924075,37,27
0.717991684,23,28
0.501758592,37,14
0.873445317,41,20
0.296112026,14,27
0.561883971,23,20
0.766927181,27,17
0.53998946,23,20
0.512719038,24,20
0.331044934,13,17
0.412857968,16,20
0.511577055,34,31
0.77221779,19,3
0.73493655,26,26
0.516969289,40,11
0.505597926,19,23
0.496599422,42,21
0.711187203,21,24
0.565526688,21,24
0.799200271,6,13
0.500181329,11,27
0.683097734,38,41
0.334347237,6,27
0.525767544,40,10
0.793837712,31,24
0.664550069,22,20
0.458642421,23,20
0.48800008,3,23
0.573099012,31,34
0.562739696,24,21
0.35463701,28,35
0.739247996,28,32
0.233771186,31,34
0.753708932,23,13
0.506238243,17,24
0.665643795,22,14
0.822836736,27,6
0.443780781,10,17
0.680575206,34,7
0.494980533,27,20
0.765455626,29,26
0.560571334,31,13
0.603008651,30,10
0.618990131,37,27
0.446005636,10,45
0.883765029,27,26
0.864059558,51,28
0.654595487,22,21
0.70334657,42,28
0.546864988,37,14
0.495426618,19,17
0.599471436,34,20
0.618317886,27,6
0.60207121,28,34
0.54267793,45,28
0.82839499,20,27
0.778549673,25,3
0.368432147,31,38
0.689027712,27,26
0.449978729,48,30
0.39995925,30,20
0.527248536,20,27
0.406137673,24,20
0.364725657,27,16
0.284299605,14,33
0.320356564,31,56
0.269328435,0,23
0.450138302,34,37
0.838988776,30,20
0.616819666,36,37
0.450370556,16,18
0.751544033,42,14
0.630554635,24,13
0.804406082,10,17
0.608722785,17,13
0.837232222,26,13
0.620696529,20,23
0.184587527,13,37
0.572194604,31,38
0.531400421,54,11
0.528538274,7,41
0.391990403,23,24
0.633622876,7,23
0.429002152,16,20
0.376733254,19,0
0.707887928,23,13
0.850431734,34,24
0.632939742,28,33
0.788484131,27,9
0.63284077,27,24
0.870241767,30,10
0.445059981,20,23
0.14910683,14,34
0.724433682,16,10
0.854888459,34,20
0.731607376,7,20
0.581860399,14,13
0.554197749,22,24
0.824747738,20,7
0.808362264,42,17
0.661503261,34,17
0.740603877,20,6
0.322234461,20,21
0.509804877,24,26
0.674436319,45,44
0.690857617,10,27
0.319920557,20,23
0.739125919,43,22
0.700155056,23,15
0.707454456,24,17
0.490428172,10,23
0.58537294,26,16
0.563444965,23,17
0.479916439,8,43
0.803040312,36,16
0.791857968,34,17
0.643936191,6,34
0.702028492,31,24
0.391170276,33,20
0.384514557,17,28
0.643228434,20,23
0.572005773,17,6
0.392988268,14,20
0.772161082,30,27
0.549330189,16,23
0.428660942,37,34
0.642305829,10,26
0.715260958,19,14
0.56073865,35,14
0.580108699,18,17
0.541034547,26,6
0.813891394,20,28
0.631382987,41,10
0.794965936,24,17
0.399815582,30,21
0.527488148,17,19
0.730885614,24,10
0.611497025,31,24
0.349277612,26,24
0.71228085,24,7
0.529529349,14,30
0.466382682,14,25
0.49159204,7,30
0.534458164,29,10
0.623054514,10,26
0.577838303,27,30
0.662081766,56,14
0.331950661,17,44
0.535297382,31,34
0.52721123,23,14
0.478035969,10,22
0.605493323,30,17
0.711240407,19,37
0.753340085,33,7
0.562769442,19,7
0.401040071,21,23
0.634380247,15,34
0.777466983,37,34
0.886116496,16,9
0.664005753,20,9
0.616966596,26,20
0.513354695,19,27
0.495783491,14,45
0.565529517,38,10
0.503856754,23,17
0.666609102,17,38
0.575191915,41,28
0.55880517,38,17
0.650596777,26,21
0.799196576,24,27
0.697269748,41,17
0.494974777,17,24
0.668360743,38,14
0.892334805,33,14
0.408815881,41,14
0.634780703,42,10
0.65190159,28,29
0.555565498,43,17
0.703686365,34,28
0.630482218,41,20
0.564498139,20,13
0.750242231,20,17
0.744890148,37,31
0.64147617,30,20
0.695091526,22,17
0.271537448,9,17
0.645127126,31,24
0.81811501,31,0
0.681550515,14,17
0.194086717,17,27
0.393077529,28,33
0.376873835,17,48
0.739673863,23,30
0.385149605,31,10
0.651542273,27,0
0.475696673,24,27
0.261005077,17,31
0.189642848,28,31
0.841036522,30,20
0.542803647,3,17
0.76214591,16,14
0.399685743,22,37
0.545931912,13,27
0.6412961,37,37
0.34917426,17,31
0.855534249,27,25
0.722204507,20,23
0.296256024,28,26
0.597803408,27,0
0.786402995,29,7
0.475485627,19,17
0.609242298,38,17
0.615234741,17,16
0.585505664,24,23
0.665632264,14,27
0.729023546,31,21
0.371189018,24,6
0.619505889,42,17
0.220712809,13,24
0.711873678,30,23
0.698473768,35,21
0.463542937,51,34
0.612688862,16,30
0.686473737,22,21
0.538888236,27,24
0.611632404,24,20
0.35215881,13,27
0.518682533,44,23
0.718278325,34,7
0.790508448,51,23
0.488051858,23,43
0.731781411,23,13
0.441954245,9,13
0.507695783,13,19
0.862065538,17,20
0.5210447,10,28
0.560277787,17,28
0.867756225,33,23
0.923534079,30,24
0.827245485,24,10
0.477595031,37,0
0.682421945,29,26
0.552379452,43,23
0.809414101,10,13
0.66851639,22,17
0.519316266,43,21
0.405175873,21,31
0.456459305,24,40
0.771791226,3,24
0.512939078,17,27
0.593110984,24,27
0.71777134,55,14
0.284490564,20,13
0.129670505,17,41
0.80099103,31,14
0.586984342,20,16
0.815962025,38,17
0.792020161,21,7
0.474272644,13,17
0.81580551,31,17
0.727354365,45,21
0.671662188,22,9
0.707558095,14,6
0.669650732,7,23
0.671286311,7,27
0.672919013,10,27
0.648472627,17,19
0.492517157,24,20
0.881208304,13,6
0.559937391,21,13
0.480344618,20,42
0.359025742,10,16
0.277419155,22,7
0.553058278,53,20
0.352630427,24,27
0.169843838,24,20
0.403814223,28,31
0.790037129,34,9
0.881536322,23,3
0.702597748,39,36
0.449950235,13,22
0.716464624,21,13
0.678928609,27,24
0.884909645,17,13
0.597605472,24,26
0.571795778,19,3
0.362219186,21,24
0.829270452,43,24
0.693934939,38,3
0.558392139,27,34
0.583097959,10,33
0.675807478,34,17
0.537096868,3,19
0.44112529,26,21
0.646799045,32,35
0.701861087,45,21
0.395000429,25,24
0.305184268,29,18
0.857182678,49,27
0.634308145,26,10
0.81063124,52,0
0.618929037,33,34
0.281377008,13,14
0.494533017,16,29
0.568819294,31,13
0.337426436,13,16
0.471425866,28,41
0.794393936,24,17
0.561002358,13,28
0.371524981,24,25
0.482392508,14,24
0.484287154,7,36
0.824035212,34,17
0.728166401,30,24
0.359310605,13,27
0.657339144,17,14
0.727092868,10,41
0.191873268,24,13
0.657897765,21,42
0.349954329,0,24
0.40955345,14,23
0.798400926,43,37
0.466776671,6,12
0.536799166,11,16
0.420337258,20,27
0.640320914,27,38
0.767617932,19,17
0.793716154,17,7
0.739381128,17,10
0.831764424,31,13
0.428660942,0,30
0.710246305,16,14
0.37749724,21,13
0.820994881,41,13
0.767734972,24,13
0.418653688,10,22
0.909053319,20,12
0.523044053,15,31
0.570712984,21,13
0.603383416,35,38
0.232994627,27,24
0.70889512,17,13
0.386010132,25,13
0.44220271,6,35
0.14807489,16,17
0.682309655,14,30
0.584766444,42,7
0.312050093,26,24
0.653411435,20,12
0.222744227,3,20
0.356545702,14,20
0.652323402,27,37
0.656420556,37,35
0.407400346,37,28
0.493688374,20,17
0.197115426,17,44
0.909467942,47,14
0.657910721,30,20
0.88638518,20,6
0.518985755,26,34
0.572548254,3,34
0.829880837,23,17
0.686292822,13,9
0.19967691,10,27
0.567625882,19,7
0.844264225,9,17
0.608780369,27,17
0.813196328,20,10
0.38870676,20,23
0.781942975,24,37
0.647666502,17,30
0.527892734,27,16
0.688742718,24,20
0.597957028,26,10
0.683654492,35,31
0.826451828,31,17
0.686712804,13,24
0.588861492,26,21
0.738423818,28,22
0.671575857,45,7
0.415627777,28,24
0.722341919,28,21
0.432684959,10,17
0.314187001,34,31
0.341554408,9,20
0.52582065,27,14
0.543006497,20,27
0.617676454,31,10
0.337954296,23,31
0.570413968,33,28
0.665105488,31,19
0.643261459,14,42
0.617560898,19,13
0.378138648,13,33
0.732967231,27,26
0.474641532,26,24
0.658839041,20,3
0.525722462,24,31
0.685069493,24,17
0.763696627,19,26
0.503280836,26,16
0.595858546,20,24
0.377707949,23,48
0.599012106,43,18
0.62603977,24,19
0.612177633,28,14
0.389085964,24,10
0.427521081,32,40
0.319460331,37,33
0.365659572,23,20
0.506697113,10,20
0.532841147,27,17
0.713309571,7,20
0.682779841,32,21
0.753391253,27,22
0.908682563,51,17
0.585259055,17,24
0.378396534,33,35
0.748296768,28,39
0.429295766,6,12
0.542315188,24,28
0.535319426,31,14
0.63295442,20,27
0.72464115,19,9
0.670671955,47,7
0.862285549,26,0
0.510400756,14,41
0.404342705,12,24
0.7173592,38,28
0.687479231,20,23
0.457137196,14,27
0.794936951,16,13
0.662902351,48,21
0.366047293,23,20
0.678532219,36,21
0.725072373,10,24
0.530683932,22,20
0.292824946,23,37
0.728339929,30,27
0.378548229,3,17
0.765980836,23,20
0.782234077,22,24
0.379952874,26,20
0.788654511,13,10
0.494946221,20,27
0.579915985,38,31
0.751590771,17,18
0.824691138,24,10
0.676633429,39,17
0.788700251,25,19
0.345947512,13,14
0.782341069,30,33
0.537551636,27,24
0.434748644,17,42
0.255471593,10,16
0.384767743,6,30
0.639546283,30,27
0.49532515,20,24
0.40750878,31,21
0.560095237,25,13
0.488628963,10,38
0.741516469,34,20
0.437547898,20,31
0.247702318,23,26
0.470556846,21,34
0.661099191,37,34
0.599785314,16,10
0.65797073,23,27
0.8117954,27,20
0.523856055,25,20
0.349453919,27,34
0.607946893,27,7
0.411881958,3,20
0.237901418,34,31
0.613195016,31,30
0.587596654,44,26
0.66559458,24,6
0.411856652,23,13
0.297206985,7,10
0.838393489,30,23
0.689227454,21,27
0.500198149,19,28
0.702664639,29,37
0.553266068,27,20
0.662040711,27,16
0.708378217,26,18
0.867168216,36,7
0.615119359,45,10
0.750238112,20,6
0.609829522,27,6
0.370843596,20,23
0.553514769,52,49
0.812982429,20,23
0.292784977,20,34
0.64663587,29,26
0.500926035,10,16
0.480810738,34,20
0.412076977,12,13
0.575833129,29,10
0.741865636,29,26
0.889398954,31,10
0.824702064,28,34
0.773004839,28,23
0.925846489,27,10
0.725351702,38,35
0.552444944,37,29
0.61375003,33,17
0.664506362,21,18
0.407911556,18,32
0.484418508,17,16
0.317727814,27,24
0.539655518,27,33
0.676752108,19,22
0.562221013,17,22
0.826947714,30,9
0.849370371,16,18
0.797111437,20,22
0.714184063,13,37
0.191029715,10,27
0.459050968,47,14
0.73321235,19,20
0.41053785,10,6
0.436151701,14,30
0.762645425,13,29
0.283765261,26,27
0.626796322,32,39
0.839350317,6,10
0.619542634,19,13
0.592296592,14,24
0.859506835,44,16
0.643960684,16,13
0.801253441,17,45
0.591377755,18,13
0.334506854,15,17
0.610629513,24,17
0.575999511,21,24
0.355984971,3,33
0.792399194,29,13
0.545341772,13,30
0.596768527,34,31
0.84285673,20,13
0.521818613,45,14
0.344479703,14,33
0.831649305,13,17
0.504765684,10,20
0.705088146,30,22
0.54041995,25,31
0.420335865,20,14
0.722851354,25,12
0.446483959,21,24
0.617456153,38,20
0.683674742,24,6
0.820368265,31,7
0.292479403,13,19
0.654533003,39,30
0.413493509,30,24
0.401384444,27,33
0.384885169,23,27
0.503686665,7,38
0.462637877,15,13
0.590222857,30,21
0.62944614,20,23
0.262329795,3,27
0.203592587,3,37
0.537219307,42,39
0.526771314,23,19
0.651369079,20,26
0.318186714,20,34
0.264069714,3,17
0.880100613,28,35
0.225949159,38,41
0.611718173,45,10
0.526403646,16,19
0.762880279,23,20
0.636475528,17,24
0.804043914,30,8
0.334829827,6,35
0.854008123,38,0
0.317491668,51,16
0.511667169,21,14
0.634944864,21,24
0.551319265,23,20
0.411640249,24,10
0.675534704,20,33
0.849023403,10,3
0.869464764,12,15
0.770010352,28,7
0.314611599,6,27
0.509404382,24,31
0.615305581,31,23
0.552490179,16,19
0.49869396,17,23
0.346443869,14,34
0.466107564,35,25
0.735685398,38,17
0.314677018,35,38
0.940207162,33,16
0.584033149,10,16
0.910929424,30,13
0.305459338,20,30
0.319952209,14,24
0.586842053,30,14
0.569230547,34,27
0.348951047,17,40
0.57860757,27,35
0.59585426,23,20
0.642494506,24,38
0.56930795,21,26
0.256971901,20,13
0.676128181,32,17
0.311333573,6,34
0.638206038,16,6
0.318773307,20,17
0.495842491,12,18
0.316767837,26,20
0.89708637,17,13
0.656913513,38,27
0.866292222,17,23
0.658439397,38,8
0.668206845,49,17
0.589507395,20,17
0.229528209,12,28
0.802526091,30,6
0.539281401,22,17
0.514421096,20,24
0.774567059,24,16
0.180348996,20,10
0.690470125,17,20
0.616471106,30,35
0.52175981,23,34
0.81199728,30,24
0.894731437,38,10
0.459528425,19,16
0.683448494,6,36
0.844018339,27,20
0.847448956,23,17
0.675980854,13,20
0.39217521,0,30
0.578263099,16,18
0.438722548,9,10
0.465964828,18,35
0.514546672,27,20
0.655618698,26,20
0.545600285,31,24
0.583407021,23,16
0.606100017,49,15
0.588815751,20,18
0.414673393,24,10
0.59736859,21,20
0.674609727,23,14
0.531174279,13,7
0.322801941,23,27
0.689509134,24,31
0.806200248,33,27
0.293373761,16,25
0.604372518,34,35
0.512526019,22,23
0.713294764,29,10
0.817783751,12,10
0.560306026,19,20
0.566449924,35,39
0.602422106,21,23
0.456823971,16,38
0.533218407,28,0
0.572463451,31,37
0.784747483,46,27
0.622603436,16,13
0.438427302,19,12
0.808014752,15,16
0.633343587,23,27
0.638775091,24,16
0.80737818,31,24
0.42843172,20,25
0.327466309,9,3
0.781201216,40,7
0.800943965,34,20
0.603993578,28,35
0.663255965,38,14
0.5750418,17,14
0.487022225,14,29
0.700533048,27,0
0.37972382,17,19
0.687414893,34,27
0.646863562,27,29
0.475786988,17,29
0.400583535,33,18
0.466775152,10,17
0.657853481,10,22
0.678166505,30,24
0.525806831,32,37
0.778779104,37,18
0.597632556,26,22
0.444052531,34,3
0.680319144,24,3
0.66795089,31,17
0.540996249,32,45
0.72841376,22,7
0.336138976,30,27
0.672285386,27,28
0.458163411,48,33
0.434621333,17,14
0.816842669,27,20
0.732495988,31,20
0.445162747,17,27
0.757364106,0,16
0.238533471,7,27
0.701882965,13,17
0.547744034,17,24
0.625138614,34,35
0.554318026,43,14
0.780078971,24,10
0.403618238,21,33
0.637106192,10,16
0.247131318,13,33
0.656012139,29,23
0.727893101,31,13
0.751435712,31,13
0.723835604,17,30
0.464938024,24,23
0.774321856,16,23
0.506328113,28,14
0.641415877,34,31
0.535454683,19,30
0.756448391,23,16
0.801373077,14,17
0.275521018,21,13
0.695175387,35,17
0.645717203,28,26
0.251593825,30,15
0.551666239,27,23
0.808187072,45,16
0.619174662,16,17
0.586773862,31,28
0.415900974,41,38
0.503459056,27,20
0.426130046,10,26
0.681518979,26,24
0.692521528,16,30
0.66627434,26,23
0.709039295,28,3
0.805577787,26,10
0.521612746,10,17
0.593082098,24,16
0.434595309,21,10
0.562580472,20,17
0.355738153,28,25
0.820104848,31,17
0.487187954,16,33
0.7992075,27,21
0.477248426,26,34
0.737060356,30,33
0.547744709,17,34
0.542918658,16,27
0.510299957,6,6
0.714001938,27,9
0.593529133,36,22
0.523976052,27,27
0.590855217,20,13
0.295557999,25,20
0.50770125,30,20
0.380517711,14,30
0.3467586,28,31
0.554476306,24,30
0.483337531,25,41
0.782561815,27,19
0.557758004,33,32
0.586534079,29,23
0.252507317,20,10
0.419025751,28,43
0.223092947,10,35
0.528854912,27,23
0.709444749,16,22
0.425911556,21,14
0.899133571,19,14
0.49703915,28,23
0.444177491,23,41
0.454673959,10,13
0.735869939,26,31
0.716904436,43,35
0.391764901,30,20
0.686518262,31,25
0.809817525,28,7
0.527886586,26,20
0.635745857,6,9
0.314508509,21,24
0.479635158,17,20
0.345194735,47,25
0.412377906,23,25
0.591720287,36,10
0.537024978,24,15
0.616028405,24,31
0.516437682,30,35
0.850057813,23,20
0.657645961,24,31
0.566253488,21,20
0.693124222,23,20
0.826644969,26,19
0.561735335,12,16
0.841803384,17,19
0.754012648,27,17
0.260122016,9,24
0.694127345,24,17
0.75270768,22,16
0.542758242,30,24
0.557230498,10,14
0.727542546,26,15
0.182024231,17,30
0.637991123,42,24
0.497232919,27,20
0.559307832,16,13
0.69326382,31,26
0.532168471,7,28
0.624706699,49,21
0.248199521,13,27
0.858002336,28,21
0.672062801,13,21
0.554654524,19,14
0.567356326,21,27
0.593300821,38,19
0.811739993,31,24
0.291058491,14,5
0.311465416,17,22
0.579549321,35,32
0.569113393,27,30
0.687086527,13,27
0.460298904,15,17
0.645825047,26,6
0.562792423,32,14
0.860279392,26,10
0.524499112,13,28
0.555207117,38,6
0.20532055,10,20
0.483140789,28,29
0.634641453,21,13
0.593738061,38,24
0.64218095,24,14
0.583912737,21,28
0.582834014,31,23
0.70864178,40,7
0.577206567,10,41
0.691966782,21,13
0.531383878,20,27
0.273319918,16,25
0.314540007,13,10
0.536850556,22,27
0.687420215,28,16
0.639272002,17,22
0.246549568,10,23
0.501959254,26,23
0.820863251,20,17
0.426419541,17,23
0.405571053,38,10
0.371546451,14,42
0.661135247,16,11
0.409797491,10,7
0.785683759,30,23
0.843210993,24,3
0.487045257,13,34
0.660434475,27,26
0.880361888,33,13
0.82579086,21,20
0.531579628,17,6
0.312558377,27,30
0.46903287,20,24
0.680697893,6,34
0.852306874,17,19
0.698448738,41,48
0.901801939,41,13
0.459385348,3,16
0.409856691,16,19
0.721108754,26,20
0.580961226,15,26
0.449847881,24,19
0.55798706,16,33
0.70094772,38,25
0.90044004,41,3
0.589726948,31,34
0.348878794,38,17
0.312617308,20,17
0.380562891,21,41
0.670622259,33,25
0.735788816,21,22
0.545968946,31,24
0.747769173,31,34
0.573492461,12,10
0.729378536,31,27
0.699620264,33,10
0.703136607,42,21
0.927782935,27,24
0.767834131,38,10
0.467346318,24,17
0.578088974,27,10
0.349458423,14,35
0.341795953,27,13
0.52887617,17,16
0.809741143,24,20
0.419553328,30,10
0.374177598,6,44
0.755413918,38,32
0.586187415,10,19
0.248864326,27,37
0.184210831,23,25
0.528436881,24,6
0.511799363,24,31
0.462730463,27,14
0.71357583,26,6
0.730245894,30,12
0.659946988,38,13
0.617996152,36,20
0.845610352,34,16
0.567714195,31,34
0.638993123,16,18
0.609840369,44,21
0.703052347,36,17
0.392700277,28,34
0.690309273,27,42
0.242270725,18,21
0.62652409,0,20
0.636825657,21,12
0.541509819,35,23
0.492608566,16,26
0.743804375,7,29
0.583206697,17,30
0.275151832,17,23
0.428651525,46,9
0.61425696,17,9
0.348849077,3,23
0.645399954,19,3
0.592346568,29,19
0.741970389,24,21
0.626681256,9,13
0.733966543,27,20
0.587967537,16,37
0.75613274,29,7
0.356944723,20,36
0.655792982,9,3
0.822410324,24,10
0.532440834,13,16
0.706797266,26,9
0.741290162,45,20
0.481190236,17,19
0.838658313,12,9
0.548044911,20,27
0.555149537,42,17
0.625458111,34,23
0.574706625,10,24
0.465626592,39,41
0.303946845,44,7
0.244571739,23,17
0.465215345,26,30
0.815885289,36,33
0.663715086,27,24
0.445203337,26,16
0.720991426,13,34
0.566822992,34,17
0.451164294,20,6
0.759998706,31,28
0.471299936,33,27
0.754475559,27,24
0.262642658,10,24
0.488483769,27,10
0.547852077,17,28
0.820676377,35,14
0.472266957,0,20
0.445075718,9,26
0.770484649,17,23
0.784554448,30,35
0.593132433,23,20
0.55498766,57,14
0.783801605,30,33
0.571204234,7,14
0.402008587,7,31
0.401233196,24,26
0.626115181,25,23
0.805392367,18,15
0.625675057,16,10
0.69170342,46,18
0.776905165,29,20
0.389246809,14,19
0.632673019,24,27
0.678049941,22,27
0.799362342,9,30
0.652098212,34,7
0.487589282,20,16
0.351621472,14,17
0.752917297,26,23
0.591248824,16,10
0.679226481,17,30
0.453149478,10,16
0.528996801,31,35
0.332598754,34,42
0.422619442,17,20
0.567574252,23,28
0.826674835,33,17
0.577986204,52,38
0.328417617,17,24
0.4419033,23,10
0.776063777,17,20
0.828260001,26,24
0.751455404,24,27
0.584282908,38,33
0.662267441,17,27
0.676490442,16,17
0.767242211,13,19
0.765727857,10,23
0.587739059,36,22
0.326969943,31,30
0.667508366,30,27
0.632835134,17,26
0.64947948,31,28
0.394124978,17,3
0.682216518,24,16
0.320332025,9,12
0.467855553,33,0
0.545566277,0,27
0.273526544,10,40
0.722012461,29,14
0.451290958,21,0
0.459437936,7,24
0.684802086,23,7
0.688874616,34,24
0.526133775,40,0
0.156415211,16,33
0.545653571,3,17
0.663152781,34,14
0.704219737,24,23
0.786675829,20,12
0.396779471,20,25
0.838395902,21,13
0.901490529,33,10
0.727054871,41,38
0.519939535,19,33
0.476976768,15,20
0.784296328,29,19
0.414777019,34,21
0.492322273,20,17
0.56278132,23,20
0.72332596,14,20
0.61654271,23,7
0.746905341,51,23
0.786589032,30,10
0.509318637,17,51
0.342405519,10,20
0.755095239,14,17
0.475488003,28,17
0.60124843,24,27
0.660135108,17,30
0.436926963,16,22
0.308129178,17,20
0.631554927,24,20
0.884748753,38,24
0.501635284,30,38
0.44681356,16,23
0.475348699,10,47
0.667839508,20,17
0.533434745,15,10
0.711531367,33,7
0.376536634,31,21
0.556305904,27,7
0.287891692,16,41
0.705504893,45,21
0.756146249,40,17
0.790585253,34,31
0.589689243,20,30
0.252904117,12,9
0.227684007,7,19
0.617790285,24,7
0.566175354,31,21
0.665435016,0,23
0.38147138,24,27
0.53625714,54,24
0.211729759,8,33
0.60376232,17,20
0.531633129,9,37
0.577616168,31,34
0.525294325,23,30
0.677214743,6,28
0.675790257,20,10
0.433336248,27,35
0.781608756,10,16
0.484522004,16,20
0.842002303,30,16
0.783539658,34,20
0.899546313,35,17
0.875136659,31,3
0.21714578,13,24
0.451097708,27,24
0.445871894,26,20
0.638473402,21,14
0.775248712,31,28
0.68385187,23,16
0.614373973,38,14
0.565363212,35,9
0.632939714,26,20
0.662278238,24,13
0.753196457,30,10
0.59827583,44,20
0.605980524,9,14
0.375505402,38,31
0.272886428,3,23
0.71625037,14,15
0.890004114,19,10
0.710685765,24,17
0.429713854,16,32
0.656296748,31,21
0.483723118,24,10
0.342897391,20,23
0.555620796,20,17
0.72145864,13,7
0.389497504,10,30
0.758881889,16,26
0.229531223,21,27
0.467344458,31,24
0.710366043,7,33
0.671647523,26,15
0.496904557,21,24
0.469953927,12,7
0.685914669,30,13
0.504382461,23,0
0.520243281,35,43
0.46863542,30,24
0.712135658,39,38
0.193235381,27,20
0.510238401,13,25
0.725236708,20,10
0.621692234,30,13
0.691999866,31,24
0.588271308,20,15
0.834780786,34,7
0.824892444,31,19
0.20108345,29,34
0.166945511,10,27
0.619171887,24,16
0.789527074,45,7
0.63733763,7,42
0.368131155,25,23
0.528719845,24,27
0.495927928,17,20
0.318870887,21,24
0.844303544,23,16
0.393189703,0,16
0.401470568,23,27
0.399847581,26,17
0.764104417,29,13
0.602289385,27,11
0.594740784,23,13
0.835147739,37,16
0.821432119,20,3
0.43302674,7,14
0.799204945,22,19
0.292699321,44,33
0.697636528,23,0
0.605967461,12,21
0.234948728,6,34
0.824553139,19,10
0.907279772,26,6
0.853249187,23,10
0.769711459,0,6
0.953943865,28,24
0.637389833,35,11
0.385804249,18,10
0.555491274,22,13
0.612702887,22,10
0.754415257,24,26
0.514582432,16,22
0.268565996,31,24
0.770991117,27,31
0.348054316,24,27
0.502631339,15,10
0.851920681,13,34
0.705114108,30,10
0.751576261,21,22
0.494110577,13,26
0.589808859,10,3
0.646917202,31,26
0.568898925,15,10
0.850963552,35,14
0.756760106,42,45
0.634623666,29,24
0.812718473,24,20
0.566719328,38,7
0.584412562,33,41
0.654709871,18,12
0.527358029,27,20
0.757369642,24,16
0.496098809,23,34
0.41710089,15,20
0.738118718,40,48
0.862153315,27,20
0.6374796,47,3
0.211215753,21,21
0.555933397,28,38
0.457192716,27,24
0.596243543,16,8
0.60786968,6,24
0.630539239,24,23
0.710578747,17,48
0.499923274,13,33
0.503666471,34,23
0.400094052,29,29
0.620855306,31,24
0.614679484,12,20
0.851545599,21,18
0.533072525,20,31
0.701890828,20,17
0.373611051,27,21
0.577036052,37,42
0.75049032,9,21
0.577368585,30,27
0.737902312,34,0
0.634781609,20,19
0.440266678,31,20
0.75754541,20,13
0.462879101,24,17
0.379594007,21,17
0.682321334,28,20
0.713656404,6,9
0.680969969,27,14
0.784962561,6,27
0.573908063,31,17
0.660024622,37,43
0.588275097,22,27
0.773247049,38,27
0.630889686,31,21
0.829402982,20,16
0.637494697,35,23
0.545627811,14,16
0.547217146,24,13
0.355079152,26,10
0.542246521,27,30
0.647349874,38,31
0.667932338,34,37
0.619530333,26,24
0.402504688,26,23
0.743353602,31,12
0.527399899,22,0
0.683845352,36,37
0.695897335,38,7
0.534098176,48,10
0.431110534,17,20
0.707645281,45,42
0.679940603,29,27
0.352895659,18,33
0.630856107,14,26
0.346704816,23,27
0.828982906,38,24
0.238749426,12,9
0.523259593,13,12
0.596413535,31,23
0.566408328,41,17
0.562505797,34,16
0.628321637,27,17
0.684486954,30,14
0.802086564,33,31
0.731797898,26,10
0.65936153,18,28
0.698605433,21,23
0.495162547,31,33
0.390426272,19,16
0.732053912,43,19
0.292383385,13,34
0.669045029,34,29
0.667439405,42,34
0.310073371,14,38
0.478463243,20,13
0.33353306,3,27
0.544752213,31,28
0.449923828,23,17
0.743088221,27,17
0.535237231,21,28
0.312807252,20,23
0.525102995,0,21
0.527159347,40,7
0.536513615,43,40
0.657710309,33,30
0.614618508,10,45
0.617236584,20,19
0.770320531,26,23
0.563763586,21,32
0.400517216,31,38
0.686619106,17,21
0.477650896,37,5
0.439679849,17,37
0.719415718,7,20
0.566774467,23,24
0.294680547,10,39
0.527361657,20,17
0.757306184,45,10
0.803502964,23,20
0.600255575,42,23
0.334915756,18,24
0.390198987,13,20
0.570917166,14,28
0.619731918,37,34
0.878180108,33,18
0.824788827,30,23
0.573589008,36,21
0.651354936,24,10
0.557187154,28,42
0.793509352,29,27
0.575216501,18,15
0.553635907,20,30
0.285191792,6,25
0.623643763,34,3
0.462367825,9,41
0.756760768,42,28
0.548457638,14,38
0.678122787,24,9
0.615837913,13,6
0.159561049,21,37
0.539001029,16,23
0.607422567,17,25
0.540622727,17,19
0.590079009,45,35
0.81093042,31,17
0.659176858,14,28
0.614136729,52,21
0.544499272,3,16
0.362719449,14,51
0.219499482,28,16
0.649527608,34,22
0.561708973,29,26
0.880824522,26,14
0.372523536,34,10
0.630979177,10,41
0.239989902,6,20
0.694482297,36,31
0.613594522,31,12
0.744900591,20,27
0.66891129,23,27
0.668529909,27,24
0.674877158,24,21
0.518544172,38,35
0.617654188,21,23
0.622780215,19,22
0.429139853,20,19
0.448946727,38,10
0.319866547,16,20
0.797679804,22,23
0.678974221,21,23
0.739879057,48,7
0.53757677,25,20
0.539442971,54,51
0.471615274,16,23
0.645723869,31,23
0.807342079,31,17
0.746254801,20,35
0.83223724,34,17
0.629740806,27,9
0.231972868,13,27
0.798165118,25,22
0.624053235,27,30
0.555536751,24,21
0.843332087,45,10
0.301266438,24,17
0.682144655,27,24
0.709089547,24,17
0.581706844,34,17
0.360523146,13,10
0.728174075,17,20
0.313333765,30,27
0.766213635,29,13
0.575046138,21,17
0.413207678,24,17
0.534640574,16,26
0.515300685,10,24
0.493097196,6,0
0.318805209,16,30
0.171749477,33,40
0.777002058,26,22
0.82804126,43,16
0.673718178,24,10
0.622100081,30,33
0.693347578,28,13
0.659498542,30,9
0.379850259,26,20
0.261258289,14,28
0.678294255,21,24
0.686227999,16,40
0.284747416,34,33
0.69724604,23,27
0.707329028,27,24
0.525552942,34,20
0.843524742,26,21
0.371373626,20,14
0.215622802,24,21
0.585335361,29,23
0.508916549,3,17
0.435797021,15,6
0.617414804,21,7
0.659710463,28,29
0.358731787,22,29
0.692237835,16,17
0.467732406,23,0
0.740397148,24,17
0.75847212,20,12
0.734500681,40,14
0.721027612,41,17
0.485220872,0,17
0.485042032,14,13
0.655589127,30,16
0.604439321,13,16
0.2872377,26,23
0.508798072,17,10
0.697511624,23,30
0.30506049,9,12
0.731474287,25,16
0.664065445,10,22
0.615063117,10,24
0.453476087,9,27
0.746362132,27,20
0.841532175,24,12
0.601554774,26,18
0.606885217,7,17
0.431365797,38,44
0.741175981,28,27
0.663991422,32,30
0.316871088,9,14
0.23037072,9,31
0.738686285,31,28
0.461475409,38,31
0.387958893,27,14
0.459232616,32,34
0.648489538,0,31
0.869977789,14,33
0.708548127,20,3
0.89210597,38,3
0.589478221,42,17
0.380205134,35,36
0.350399483,0,24
0.883113249,35,3
0.359813669,9,23
0.82714422,16,13
0.560701182,10,24
0.81147076,26,24
0.851314614,48,32
0.877146522,27,24
0.621960634,17,33
